create extension pgcrypto;
insert into task_priority (id, priority_name)
values (1, 'LOWEST'),
       (2, 'LOW'),
       (3, 'MEDIUM'),
       (4, 'HIGH'),
       (5, 'HIGHEST');
insert into task_status (id, status_name)
values (1, 'OPEN'),
       (2, 'PROGRESS'),
       (3, 'ERROR'),
       (4, 'TEST'),
       (5, 'DONE');
insert into app_user (id, app_user_role, count_otp, email, enable_login, enabled, first_name, last_name, locked, otp, password, phone_number, username)
values  (3, 'ROLE_ADMIN', null, 'imangalibolatbek@gmail.com', null, true, 'admin', 'adminov', false, 6909, '$2a$10$onQN2DAssEYShj9yqoFKE.GDEdoVy51w3kZMhfprbnad20fFN/C9i', '\xc30d04070302d94e7d2f32f5aee269d23c01441f002838f0f15ccb1e13a76a4fa0b4b67bf2ecf90b5afa228b00a2f14ff76ae974bbf033771e623e6923f812e84912b3bcbc339417a57921229c', 'admin'),
        (138, 'ROLE_USER', null, 'mailtest9012@yahoo.com', null, true, 'Куаныш', 'Мухаметжанов', false, 2298, '$2a$10$r3D0X0w/Eoounz2JT5.anuG4WDFU5wTFGcnw2UcSc2AUKtnn6Y5nq', '\xc30d040703026c2024c1a610e0d96cd23c01b2128678ed9e28027372d5c37e3fcaf6993d15815a539dabac567d4ea029c2ea99030cc0381275835f5eaa25e318b8479919cbe1a9305bbea391ab', 'artdreamer'),
        (131, 'ROLE_USER', null, 'usermail456@gmail.com', null, true, 'Айназ', 'Нурмагамбетов', false, 2298, '$2a$10$r3D0X0w/Eoounz2JT5.anuG4WDFU5wTFGcnw2UcSc2AUKtnn6Y5nq', '\xc30d040703026c2024c1a610e0d96cd23c01b2128678ed9e28027372d5c37e3fcaf6993d15815a539dabac567d4ea029c2ea99030cc0381275835f5eaa25e318b8479919cbe1a9305bbea391ab', 'adventureseeker'),
        (117, 'ROLE_USER', null, 'tempemail5678@provider.net', null, true, 'Темирлан', 'Сейткалиев', false, 2298, '$2a$10$r3D0X0w/Eoounz2JT5.anuG4WDFU5wTFGcnw2UcSc2AUKtnn6Y5nq', '\xc30d040703026c2024c1a610e0d96cd23c01b2128678ed9e28027372d5c37e3fcaf6993d15815a539dabac567d4ea029c2ea99030cc0381275835f5eaa25e318b8479919cbe1a9305bbea391ab', 'travelbug74'),
        (126, 'ROLE_USER', null, 'randommail321@gmail.com', null, true, 'Жандос', 'Молдахметов', false, 2298, '$2a$10$r3D0X0w/Eoounz2JT5.anuG4WDFU5wTFGcnw2UcSc2AUKtnn6Y5nq', '\xc30d040703026c2024c1a610e0d96cd23c01b2128678ed9e28027372d5c37e3fcaf6993d15815a539dabac567d4ea029c2ea99030cc0381275835f5eaa25e318b8479919cbe1a9305bbea391ab', 'happydancer'),
        (137, 'ROLE_USER', null, 'tempmail5678@provider.net', null, true, 'Айша', 'Абдукаримов', false, 2298, '$2a$10$r3D0X0w/Eoounz2JT5.anuG4WDFU5wTFGcnw2UcSc2AUKtnn6Y5nq', '\xc30d040703026c2024c1a610e0d96cd23c01b2128678ed9e28027372d5c37e3fcaf6993d15815a539dabac567d4ea029c2ea99030cc0381275835f5eaa25e318b8479919cbe1a9305bbea391ab', 'wanderlust22'),
        (106, 'ROLE_USER', null, 'randommail1234@gmail.com', null, true, 'Айдана', 'Мухамедов', false, 2298, '$2a$10$r3D0X0w/Eoounz2JT5.anuG4WDFU5wTFGcnw2UcSc2AUKtnn6Y5nq', '\xc30d040703026c2024c1a610e0d96cd23c01b2128678ed9e28027372d5c37e3fcaf6993d15815a539dabac567d4ea029c2ea99030cc0381275835f5eaa25e318b8479919cbe1a9305bbea391ab', 'supersmith'),
        (102, 'ROLE_USER', null, 'myemail789@hotmail.com', null, true, 'Айгерим', 'Касымов', false, 2298, '$2a$10$r3D0X0w/Eoounz2JT5.anuG4WDFU5wTFGcnw2UcSc2AUKtnn6Y5nq', '\xc30d040703026c2024c1a610e0d96cd23c01b2128678ed9e28027372d5c37e3fcaf6993d15815a539dabac567d4ea029c2ea99030cc0381275835f5eaa25e318b8479919cbe1a9305bbea391ab', 'creativeartist'),
        (103, 'ROLE_USER', null, 'testmail321@yahoo.com', null, true, 'Данияр', 'Сейдуалиев', false, 2298, '$2a$10$r3D0X0w/Eoounz2JT5.anuG4WDFU5wTFGcnw2UcSc2AUKtnn6Y5nq', '\xc30d040703026c2024c1a610e0d96cd23c01b2128678ed9e28027372d5c37e3fcaf6993d15815a539dabac567d4ea029c2ea99030cc0381275835f5eaa25e318b8479919cbe1a9305bbea391ab', 'alpha123'),
        (135, 'ROLE_USER', null, 'samplemail654@domain.com', null, true, 'Айсулу', 'Сейсенов', false, 2298, '$2a$10$r3D0X0w/Eoounz2JT5.anuG4WDFU5wTFGcnw2UcSc2AUKtnn6Y5nq', '\xc30d040703026c2024c1a610e0d96cd23c01b2128678ed9e28027372d5c37e3fcaf6993d15815a539dabac567d4ea029c2ea99030cc0381275835f5eaa25e318b8479919cbe1a9305bbea391ab', 'codecracker'),
        (105, 'ROLE_USER', null, 'samplemail654@domain.com', null, true, 'Бекзат', 'Абдиров', false, 2298, '$2a$10$r3D0X0w/Eoounz2JT5.anuG4WDFU5wTFGcnw2UcSc2AUKtnn6Y5nq', '\xc30d040703026c2024c1a610e0d96cd23c01b2128678ed9e28027372d5c37e3fcaf6993d15815a539dabac567d4ea029c2ea99030cc0381275835f5eaa25e318b8479919cbe1a9305bbea391ab', 'coolguy23'),
        (101, 'ROLE_USER', null, 'mailuser456@gmail.com', null, true, 'Бекзат', 'Сарсенбаев', false, 2298, '$2a$10$r3D0X0w/Eoounz2JT5.anuG4WDFU5wTFGcnw2UcSc2AUKtnn6Y5nq', '\xc30d040703026c2024c1a610e0d96cd23c01b2128678ed9e28027372d5c37e3fcaf6993d15815a539dabac567d4ea029c2ea99030cc0381275835f5eaa25e318b8479919cbe1a9305bbea391ab', 'qwerty1'),
        (114, 'ROLE_USER', null, 'emailuser987@outlook.com', null, true, 'Мадина', 'Сатыбалдин', false, 2298, '$2a$10$r3D0X0w/Eoounz2JT5.anuG4WDFU5wTFGcnw2UcSc2AUKtnn6Y5nq', '\xc30d040703026c2024c1a610e0d96cd23c01b2128678ed9e28027372d5c37e3fcaf6993d15815a539dabac567d4ea029c2ea99030cc0381275835f5eaa25e318b8479919cbe1a9305bbea391ab', 'musiclover21'),
        (112, 'ROLE_USER', null, 'randomemail789@hotmail.com', null, true, 'Зарина', 'Кожахметов', false, 2298, '$2a$10$r3D0X0w/Eoounz2JT5.anuG4WDFU5wTFGcnw2UcSc2AUKtnn6Y5nq', '\xc30d040703026c2024c1a610e0d96cd23c01b2128678ed9e28027372d5c37e3fcaf6993d15815a539dabac567d4ea029c2ea99030cc0381275835f5eaa25e318b8479919cbe1a9305bbea391ab', 'sportsfanatic'),
        (140, 'ROLE_USER', null, 'myemail1234@example.com', null, true, 'Аскар', 'Сапаралиев', false, 2298, '$2a$10$r3D0X0w/Eoounz2JT5.anuG4WDFU5wTFGcnw2UcSc2AUKtnn6Y5nq', '\xc30d040703026c2024c1a610e0d96cd23c01b2128678ed9e28027372d5c37e3fcaf6993d15815a539dabac567d4ea029c2ea99030cc0381275835f5eaa25e318b8479919cbe1a9305bbea391ab', 'greenthumb'),
        (104, 'ROLE_USER', null, 'emailuser987@outlook.com', null, true, 'Жанар', 'Жаксыбеков', false, 2298, '$2a$10$r3D0X0w/Eoounz2JT5.anuG4WDFU5wTFGcnw2UcSc2AUKtnn6Y5nq', '\xc30d040703026c2024c1a610e0d96cd23c01b2128678ed9e28027372d5c37e3fcaf6993d15815a539dabac567d4ea029c2ea99030cc0381275835f5eaa25e318b8479919cbe1a9305bbea391ab', 'username1'),
        (143, 'ROLE_USER', null, 'testmail3456@yahoo.com', null, true, 'Меруерт', 'Алишеров', false, 2298, '$2a$10$r3D0X0w/Eoounz2JT5.anuG4WDFU5wTFGcnw2UcSc2AUKtnn6Y5nq', '\xc30d040703026c2024c1a610e0d96cd23c01b2128678ed9e28027372d5c37e3fcaf6993d15815a539dabac567d4ea029c2ea99030cc0381275835f5eaa25e318b8479919cbe1a9305bbea391ab', 'caffeinejunkie'),
        (110, 'ROLE_USER', null, 'examplemail123@example.com', null, true, 'Гульжан', 'Баймагамбетов', false, 2298, '$2a$10$r3D0X0w/Eoounz2JT5.anuG4WDFU5wTFGcnw2UcSc2AUKtnn6Y5nq', '\xc30d040703026c2024c1a610e0d96cd23c01b2128678ed9e28027372d5c37e3fcaf6993d15815a539dabac567d4ea029c2ea99030cc0381275835f5eaa25e318b8479919cbe1a9305bbea391ab', 'gaminglover'),
        (147, 'ROLE_USER', null, 'tempmail5678@provider.net', null, true, 'Бакыт', 'Темірханов', false, 2298, '$2a$10$r3D0X0w/Eoounz2JT5.anuG4WDFU5wTFGcnw2UcSc2AUKtnn6Y5nq', '\xc30d040703026c2024c1a610e0d96cd23c01b2128678ed9e28027372d5c37e3fcaf6993d15815a539dabac567d4ea029c2ea99030cc0381275835f5eaa25e318b8479919cbe1a9305bbea391ab', 'animallover87'),
        (121, 'ROLE_USER', null, 'mailuser5678@gmail.com', null, true, 'Айнур', 'Джумагалиев', false, 2298, '$2a$10$r3D0X0w/Eoounz2JT5.anuG4WDFU5wTFGcnw2UcSc2AUKtnn6Y5nq', '\xc30d040703026c2024c1a610e0d96cd23c01b2128678ed9e28027372d5c37e3fcaf6993d15815a539dabac567d4ea029c2ea99030cc0381275835f5eaa25e318b8479919cbe1a9305bbea391ab', 'fashionista27'),
        (118, 'ROLE_USER', null, 'mailtest9012@yahoo.com', null, true, 'Лейла', 'Муканов', false, 2298, '$2a$10$r3D0X0w/Eoounz2JT5.anuG4WDFU5wTFGcnw2UcSc2AUKtnn6Y5nq', '\xc30d040703026c2024c1a610e0d96cd23c01b2128678ed9e28027372d5c37e3fcaf6993d15815a539dabac567d4ea029c2ea99030cc0381275835f5eaa25e318b8479919cbe1a9305bbea391ab', 'artcreator'),
        (145, 'ROLE_USER', null, 'samplemail6543@domain.com', null, true, 'Айзада', 'Кенесов', false, 2298, '$2a$10$r3D0X0w/Eoounz2JT5.anuG4WDFU5wTFGcnw2UcSc2AUKtnn6Y5nq', '\xc30d040703026c2024c1a610e0d96cd23c01b2128678ed9e28027372d5c37e3fcaf6993d15815a539dabac567d4ea029c2ea99030cc0381275835f5eaa25e318b8479919cbe1a9305bbea391ab', 'labrat123'),
        (134, 'ROLE_USER', null, 'emailuser987@outlook.com', null, true, 'Назерке', 'Касымбеков', false, 2298, '$2a$10$r3D0X0w/Eoounz2JT5.anuG4WDFU5wTFGcnw2UcSc2AUKtnn6Y5nq', '\xc30d040703026c2024c1a610e0d96cd23c01b2128678ed9e28027372d5c37e3fcaf6993d15815a539dabac567d4ea029c2ea99030cc0381275835f5eaa25e318b8479919cbe1a9305bbea391ab', 'booklover92'),
        (144, 'ROLE_USER', null, 'emailuser789@outlook.com', null, true, 'Алмаз', 'Кожагулов', false, 2298, '$2a$10$r3D0X0w/Eoounz2JT5.anuG4WDFU5wTFGcnw2UcSc2AUKtnn6Y5nq', '\xc30d040703026c2024c1a610e0d96cd23c01b2128678ed9e28027372d5c37e3fcaf6993d15815a539dabac567d4ea029c2ea99030cc0381275835f5eaa25e318b8479919cbe1a9305bbea391ab', 'surferdude55'),
        (141, 'ROLE_USER', null, 'mailuser5678@gmail.com', null, true, 'Айнур', 'Токтарбаев', false, 2298, '$2a$10$r3D0X0w/Eoounz2JT5.anuG4WDFU5wTFGcnw2UcSc2AUKtnn6Y5nq', '\xc30d040703026c2024c1a610e0d96cd23c01b2128678ed9e28027372d5c37e3fcaf6993d15815a539dabac567d4ea029c2ea99030cc0381275835f5eaa25e318b8479919cbe1a9305bbea391ab', 'fashionicon'),
        (108, 'ROLE_USER', null, 'mailtest9012@yahoo.com', null, true, 'Айжан', 'Сапарова', false, 2298, '$2a$10$r3D0X0w/Eoounz2JT5.anuG4WDFU5wTFGcnw2UcSc2AUKtnn6Y5nq', '\xc30d040703026c2024c1a610e0d96cd23c01b2128678ed9e28027372d5c37e3fcaf6993d15815a539dabac567d4ea029c2ea99030cc0381275835f5eaa25e318b8479919cbe1a9305bbea391ab', 'techmaster'),
        (107, 'ROLE_USER', null, 'tempemail5678@provider.net', null, true, 'Алихан', 'Рахметуллин', false, 2298, '$2a$10$r3D0X0w/Eoounz2JT5.anuG4WDFU5wTFGcnw2UcSc2AUKtnn6Y5nq', '\xc30d040703026c2024c1a610e0d96cd23c01b2128678ed9e28027372d5c37e3fcaf6993d15815a539dabac567d4ea029c2ea99030cc0381275835f5eaa25e318b8479919cbe1a9305bbea391ab', 'adventuregal'),
        (122, 'ROLE_USER', null, 'randomemail9012@hotmail.com', null, true, 'Амангельды', 'Кабдуллин', false, 2298, '$2a$10$r3D0X0w/Eoounz2JT5.anuG4WDFU5wTFGcnw2UcSc2AUKtnn6Y5nq', '\xc30d040703026c2024c1a610e0d96cd23c01b2128678ed9e28027372d5c37e3fcaf6993d15815a539dabac567d4ea029c2ea99030cc0381275835f5eaa25e318b8479919cbe1a9305bbea391ab', 'filmbuff88'),
        (136, 'ROLE_USER', null, 'randommail1234@gmail.com', null, true, 'Даурен', 'Жақыпбеков', false, 2298, '$2a$10$r3D0X0w/Eoounz2JT5.anuG4WDFU5wTFGcnw2UcSc2AUKtnn6Y5nq', '\xc30d040703026c2024c1a610e0d96cd23c01b2128678ed9e28027372d5c37e3fcaf6993d15815a539dabac567d4ea029c2ea99030cc0381275835f5eaa25e318b8479919cbe1a9305bbea391ab', 'yogafanatic'),
        (146, 'ROLE_USER', null, 'randommail321@gmail.com', null, true, 'Асем', 'Сатыпалдин', false, 2298, '$2a$10$r3D0X0w/Eoounz2JT5.anuG4WDFU5wTFGcnw2UcSc2AUKtnn6Y5nq', '\xc30d040703026c2024c1a610e0d96cd23c01b2128678ed9e28027372d5c37e3fcaf6993d15815a539dabac567d4ea029c2ea99030cc0381275835f5eaa25e318b8479919cbe1a9305bbea391ab', 'smileyface'),
        (150, 'ROLE_USER', null, 'examplemail123@example.com', null, true, 'Айбек', 'Нұрлыбеков', false, 2298, '$2a$10$r3D0X0w/Eoounz2JT5.anuG4WDFU5wTFGcnw2UcSc2AUKtnn6Y5nq', '\xc30d040703026c2024c1a610e0d96cd23c01b2128678ed9e28027372d5c37e3fcaf6993d15815a539dabac567d4ea029c2ea99030cc0381275835f5eaa25e318b8479919cbe1a9305bbea391ab', 'techenthusiast'),
        (139, 'ROLE_USER', null, 'useremail3456@service.com', null, true, 'Айана', 'Рахимбердиев', false, 2298, '$2a$10$r3D0X0w/Eoounz2JT5.anuG4WDFU5wTFGcnw2UcSc2AUKtnn6Y5nq', '\xc30d040703026c2024c1a610e0d96cd23c01b2128678ed9e28027372d5c37e3fcaf6993d15815a539dabac567d4ea029c2ea99030cc0381275835f5eaa25e318b8479919cbe1a9305bbea391ab', 'foodlover99'),
        (128, 'ROLE_USER', null, 'mailtest9012@yahoo.com', null, true, 'Максат', 'Рыскулов', false, 2298, '$2a$10$r3D0X0w/Eoounz2JT5.anuG4WDFU5wTFGcnw2UcSc2AUKtnn6Y5nq', '\xc30d040703026c2024c1a610e0d96cd23c01b2128678ed9e28027372d5c37e3fcaf6993d15815a539dabac567d4ea029c2ea99030cc0381275835f5eaa25e318b8479919cbe1a9305bbea391ab', 'gamerunner'),
        (111, 'ROLE_USER', null, 'user456mail@gmail.com', null, true, 'Ержан', 'Алибеков', false, 2298, '$2a$10$r3D0X0w/Eoounz2JT5.anuG4WDFU5wTFGcnw2UcSc2AUKtnn6Y5nq', '\xc30d040703026c2024c1a610e0d96cd23c01b2128678ed9e28027372d5c37e3fcaf6993d15815a539dabac567d4ea029c2ea99030cc0381275835f5eaa25e318b8479919cbe1a9305bbea391ab', 'sunshine87'),
        (132, 'ROLE_USER', null, 'randomemail789@hotmail.com', null, true, 'Еркежан', 'Жұмабаев', false, 2298, '$2a$10$r3D0X0w/Eoounz2JT5.anuG4WDFU5wTFGcnw2UcSc2AUKtnn6Y5nq', '\xc30d040703026c2024c1a610e0d96cd23c01b2128678ed9e28027372d5c37e3fcaf6993d15815a539dabac567d4ea029c2ea99030cc0381275835f5eaa25e318b8479919cbe1a9305bbea391ab', 'sportschamp1'),
        (142, 'ROLE_USER', null, 'randomemail9012@hotmail.com', null, true, 'Нуржан', 'Байтасов', false, 2298, '$2a$10$r3D0X0w/Eoounz2JT5.anuG4WDFU5wTFGcnw2UcSc2AUKtnn6Y5nq', '\xc30d040703026c2024c1a610e0d96cd23c01b2128678ed9e28027372d5c37e3fcaf6993d15815a539dabac567d4ea029c2ea99030cc0381275835f5eaa25e318b8479919cbe1a9305bbea391ab', 'cinephile77'),
        (120, 'ROLE_USER', null, 'myemail1234@example.com', null, true, 'Асылбек', 'Тулеуов', false, 2298, '$2a$10$r3D0X0w/Eoounz2JT5.anuG4WDFU5wTFGcnw2UcSc2AUKtnn6Y5nq', '\xc30d040703026c2024c1a610e0d96cd23c01b2128678ed9e28027372d5c37e3fcaf6993d15815a539dabac567d4ea029c2ea99030cc0381275835f5eaa25e318b8479919cbe1a9305bbea391ab', 'naturelover12'),
        (127, 'ROLE_USER', null, 'tempemail5678@provider.net', null, true, 'Айгуль', 'Амангелдиев', false, 2298, '$2a$10$r3D0X0w/Eoounz2JT5.anuG4WDFU5wTFGcnw2UcSc2AUKtnn6Y5nq', '\xc30d040703026c2024c1a610e0d96cd23c01b2128678ed9e28027372d5c37e3fcaf6993d15815a539dabac567d4ea029c2ea99030cc0381275835f5eaa25e318b8479919cbe1a9305bbea391ab', 'petlover123'),
        (116, 'ROLE_USER', null, 'randommail1234@gmail.com', null, true, 'Сабина', 'Нурлыбеков', false, 2298, '$2a$10$r3D0X0w/Eoounz2JT5.anuG4WDFU5wTFGcnw2UcSc2AUKtnn6Y5nq', '\xc30d040703026c2024c1a610e0d96cd23c01b2128678ed9e28027372d5c37e3fcaf6993d15815a539dabac567d4ea029c2ea99030cc0381275835f5eaa25e318b8479919cbe1a9305bbea391ab', 'fitnessjunkie'),
        (129, 'ROLE_USER', null, 'useremail1234@service.com', null, true, 'Гульназ', 'Темиргалиев', false, 2298, '$2a$10$r3D0X0w/Eoounz2JT5.anuG4WDFU5wTFGcnw2UcSc2AUKtnn6Y5nq', '\xc30d040703026c2024c1a610e0d96cd23c01b2128678ed9e28027372d5c37e3fcaf6993d15815a539dabac567d4ea029c2ea99030cc0381275835f5eaa25e318b8479919cbe1a9305bbea391ab', 'writingpro'),
        (113, 'ROLE_USER', null, 'testmail321@yahoo.com', null, true, 'Нурлан', 'Кенжеев', false, 2298, '$2a$10$r3D0X0w/Eoounz2JT5.anuG4WDFU5wTFGcnw2UcSc2AUKtnn6Y5nq', '\xc30d040703026c2024c1a610e0d96cd23c01b2128678ed9e28027372d5c37e3fcaf6993d15815a539dabac567d4ea029c2ea99030cc0381275835f5eaa25e318b8479919cbe1a9305bbea391ab', 'bookworm45'),
        (130, 'ROLE_USER', null, 'examplemail123@example.com', null, true, 'Арман', 'Айтматов', false, 2298, '$2a$10$r3D0X0w/Eoounz2JT5.anuG4WDFU5wTFGcnw2UcSc2AUKtnn6Y5nq', '\xc30d040703026c2024c1a610e0d96cd23c01b2128678ed9e28027372d5c37e3fcaf6993d15815a539dabac567d4ea029c2ea99030cc0381275835f5eaa25e318b8479919cbe1a9305bbea391ab', 'techguru007'),
        (109, 'ROLE_USER', null, 'useremail3456@service.com', null, true, 'Азамат', 'Токтаров', false, 2298, '$2a$10$r3D0X0w/Eoounz2JT5.anuG4WDFU5wTFGcnw2UcSc2AUKtnn6Y5nq', '\xc30d040703026c2024c1a610e0d96cd23c01b2128678ed9e28027372d5c37e3fcaf6993d15815a539dabac567d4ea029c2ea99030cc0381275835f5eaa25e318b8479919cbe1a9305bbea391ab', 'starlight22'),
        (100, 'ROLE_USER', null, 'random123@example.com', null, true, 'Жанар', 'Жумабеков', false, 2298, '$2a$10$r3D0X0w/Eoounz2JT5.anuG4WDFU5wTFGcnw2UcSc2AUKtnn6Y5nq', '\xc30d040703026c2024c1a610e0d96cd23c01b2128678ed9e28027372d5c37e3fcaf6993d15815a539dabac567d4ea029c2ea99030cc0381275835f5eaa25e318b8479919cbe1a9305bbea391ab', 'qwerty'),
        (149, 'ROLE_USER', null, 'useremail1234@service.com', null, true, 'Нурасыл', 'Сейткалиєв', false, 2298, '$2a$10$r3D0X0w/Eoounz2JT5.anuG4WDFU5wTFGcnw2UcSc2AUKtnn6Y5nq', '\xc30d040703026c2024c1a610e0d96cd23c01b2128678ed9e28027372d5c37e3fcaf6993d15815a539dabac567d4ea029c2ea99030cc0381275835f5eaa25e318b8479919cbe1a9305bbea391ab', 'wordsmith22'),
        (119, 'ROLE_USER', null, 'useremail3456@service.com', null, true, 'Жасмин', 'Байсембаев', false, 2298, '$2a$10$r3D0X0w/Eoounz2JT5.anuG4WDFU5wTFGcnw2UcSc2AUKtnn6Y5nq', '\xc30d040703026c2024c1a610e0d96cd23c01b2128678ed9e28027372d5c37e3fcaf6993d15815a539dabac567d4ea029c2ea99030cc0381275835f5eaa25e318b8479919cbe1a9305bbea391ab', 'foodiegirl'),
        (124, 'ROLE_USER', null, 'emailuser789@outlook.com', null, true, 'Кайрат', 'Жангабылов', false, 2298, '$2a$10$r3D0X0w/Eoounz2JT5.anuG4WDFU5wTFGcnw2UcSc2AUKtnn6Y5nq', '\xc30d040703026c2024c1a610e0d96cd23c01b2128678ed9e28027372d5c37e3fcaf6993d15815a539dabac567d4ea029c2ea99030cc0381275835f5eaa25e318b8479919cbe1a9305bbea391ab', 'beachbum55'),
        (151, 'ROLE_USER', null, 'usermail456@gmail.com', null, true, 'Айгерим', 'Сейткалиєв', false, 2298, '$2a$10$r3D0X0w/Eoounz2JT5.anuG4WDFU5wTFGcnw2UcSc2AUKtnn6Y5nq', '\xc30d040703026c2024c1a610e0d96cd23c01b2128678ed9e28027372d5c37e3fcaf6993d15815a539dabac567d4ea029c2ea99030cc0381275835f5eaa25e318b8479919cbe1a9305bbea391ab', 'thrillseeker'),
        (148, 'ROLE_USER', null, 'mailtest9012@yahoo.com', null, true, 'Гульнара', 'Нұрлыбеков', false, 2298, '$2a$10$r3D0X0w/Eoounz2JT5.anuG4WDFU5wTFGcnw2UcSc2AUKtnn6Y5nq', '\xc30d040703026c2024c1a610e0d96cd23c01b2128678ed9e28027372d5c37e3fcaf6993d15815a539dabac567d4ea029c2ea99030cc0381275835f5eaa25e318b8479919cbe1a9305bbea391ab', 'speedrunner'),
        (133, 'ROLE_USER', null, 'testmail321@yahoo.com', null, true, 'Тимур', 'Сарсембаев', false, 2298, '$2a$10$r3D0X0w/Eoounz2JT5.anuG4WDFU5wTFGcnw2UcSc2AUKtnn6Y5nq', '\xc30d040703026c2024c1a610e0d96cd23c01b2128678ed9e28027372d5c37e3fcaf6993d15815a539dabac567d4ea029c2ea99030cc0381275835f5eaa25e318b8479919cbe1a9305bbea391ab', 'musicmaker'),
        (123, 'ROLE_USER', null, 'testmail3456@yahoo.com', null, true, 'Зарина', 'Сапарбаев', false, 2298, '$2a$10$r3D0X0w/Eoounz2JT5.anuG4WDFU5wTFGcnw2UcSc2AUKtnn6Y5nq', '\xc30d040703026c2024c1a610e0d96cd23c01b2128678ed9e28027372d5c37e3fcaf6993d15815a539dabac567d4ea029c2ea99030cc0381275835f5eaa25e318b8479919cbe1a9305bbea391ab', 'coffeeaddict'),
        (115, 'ROLE_USER', null, 'samplemail654@domain.com', null, true, 'Рустем', 'Темирханов', false, 2298, '$2a$10$r3D0X0w/Eoounz2JT5.anuG4WDFU5wTFGcnw2UcSc2AUKtnn6Y5nq', '\xc30d040703026c2024c1a610e0d96cd23c01b2128678ed9e28027372d5c37e3fcaf6993d15815a539dabac567d4ea029c2ea99030cc0381275835f5eaa25e318b8479919cbe1a9305bbea391ab', 'codegeek99'),
        (125, 'ROLE_USER', null, 'samplemail6543@domain.com', null, true, 'Рая', 'Ахметов', false, 2298, '$2a$10$r3D0X0w/Eoounz2JT5.anuG4WDFU5wTFGcnw2UcSc2AUKtnn6Y5nq', '\xc30d040703026c2024c1a610e0d96cd23c01b2128678ed9e28027372d5c37e3fcaf6993d15815a539dabac567d4ea029c2ea99030cc0381275835f5eaa25e318b8479919cbe1a9305bbea391ab', 'sciencewhiz');

insert into tasks (id, created_date, status_send, task_deadline, task_description, task_name, task_executor, task_priorities, task_status, update_date, update_user_id)
values  (40, '2023-01-16', false, '2023-12-25', 'Разработка приложения для планирования и управления проектами', 'Разработка приложения для планирования и управления проектами', 140, 4, 4, '2023-06-04', 3),
        (12, '2023-01-31', true, '2023-10-16', 'Интеграция платежной системы в веб-приложение', 'Интеграция платежной системы в веб-приложение', 114, 5, 5, null, null),
        (34, '2023-02-19', true, '2023-10-04', 'Реализация алгоритма генетического программирования для решения оптимизационных задач', 'Реализация алгоритма генетического программирования для решения оптимизационных задач', 100, 3, 3, null, null),
        (7, '2023-10-19', false, '2023-07-28', 'Построение RESTful API для управления инвентарем веб-магазина', 'Построение RESTful API для управления инвентарем веб-магазина', 138, 1, 1, null, null),
        (20, '2023-03-22', true, '2023-10-21', 'Создание API для работы с геоданными и картографией', 'Создание API для работы с геоданными и картографией', 105, 3, 3, null, null),
        (38, '2023-09-05', true, '2023-05-26', 'Реализация алгоритма обработки естественного языка для автоматического анализа текста', 'Реализация алгоритма обработки естественного языка для автоматического анализа текста', 150, 3, 3, null, null),
        (43, '2023-02-20', false, '2023-04-29', 'Создание веб-сервиса для обработки и хранения файлов', 'Создание веб-сервиса для обработки и хранения файлов', 132, 2, 2, null, null),
        (31, '2023-02-04', false, '2023-12-21', 'Создание приложения для управления запасами и складскими операциями', 'Создание приложения для управления запасами и складскими операциями', 109, 2, 2, null, null),
        (3, '2023-06-16', true, '2023-01-23', 'Оптимизация производительности веб-сервера', 'Оптимизация производительности веб-сервера', 124, 1, 1, null, null),
        (15, '2023-03-09', true, '2023-07-09', 'Разработка чат-приложения с использованием WebSocket', 'Разработка чат-приложения с использованием WebSocket', 144, 4, 4, null, null),
        (6, '2023-08-29', false, '2023-08-21', 'Разработка игры на языке Python с использованием библиотеки Pygame', 'Разработка игры на языке Python с использованием библиотеки Pygame', 128, 3, 3, null, null),
        (50, '2023-06-10', true, '2023-06-23', 'Реализация алгоритма аутентификации и авторизации пользователей', 'Реализация алгоритма аутентификации и авторизации пользователей', 130, 1, 1, null, null),
        (45, '2023-10-24', true, '2023-10-25', 'Построение системы управления учебными материалами и тестами', 'Построение системы управления учебными материалами и тестами', 140, 1, 1, null, null),
        (27, '2023-08-18', true, '2023-04-25', 'Создание системы автоматического определения и исправления опечаток', 'Создание системы автоматического определения и исправления опечаток', 115, 2, 2, null, null),
        (33, '2023-09-06', false, '2023-02-28', 'Интеграция платежного шлюза для приема онлайн-платежей', 'Интеграция платежного шлюза для приема онлайн-платежей', 147, 5, 5, null, null),
        (44, '2023-02-02', false, '2023-01-20', 'Разработка мобильного приложения для поиска и бронирования отелей', 'Разработка мобильного приложения для поиска и бронирования отелей', 110, 1, 1, null, null),
        (4, '2023-12-09', false, '2023-03-30', 'Создание мобильного приложения для трекинга фитнес-активности', 'Создание мобильного приложения для трекинга фитнес-активности', 141, 3, 3, null, null),
        (21, '2023-06-29', false, '2023-03-10', 'Разработка системы рекомендаций на основе анализа пользовательского поведения', 'Разработка системы рекомендаций на основе анализа пользовательского поведения', 136, 4, 4, null, null),
        (16, '2023-03-05', false, '2023-01-02', 'Создание административной панели для управления пользователями и их правами доступа', 'Создание административной панели для управления пользователями и их правами доступа', 101, 2, 5, null, null),
        (37, '2023-08-14', false, '2023-10-13', 'Построение системы рекомендаций на основе коллаборативной фильтрации', 'Построение системы рекомендаций на основе коллаборативной фильтрации', 113, 2, 2, null, null),
        (13, '2023-03-19', true, '2023-05-08', 'Создание скрипта для автоматического резервного копирования базы данных', 'Создание скрипта для автоматического резервного копирования базы данных', 116, 1, 1, null, null),
        (25, '2023-06-11', true, '2023-12-14', 'Интеграция социальных медиа-платформ в веб-приложение', 'Интеграция социальных медиа-платформ в веб-приложение', 106, 4, 4, null, null),
        (32, '2023-07-30', true, '2023-03-17', 'Разработка чат-бота для платформы Telegram', 'Разработка чат-бота для платформы Telegram', 123, 5, 5, null, null),
        (26, '2023-08-03', false, '2023-02-05', 'Реализация алгоритма распознавания рукописного текста', 'Реализация алгоритма распознавания рукописного текста', 148, 3, 3, null, null),
        (42, '2023-01-16', false, '2023-03-25', 'Реализация алгоритма рекомендации товаров на основе анализа покупок', 'Реализация алгоритма рекомендации товаров на основе анализа покупок', 145, 2, 2, null, null),
        (41, '2023-09-15', false, '2023-03-20', 'Интеграция системы аутентификации с использованием OAuth', 'Интеграция системы аутентификации с использованием OAuth', 102, 2, 2, null, null),
        (24, '2023-07-10', true, '2023-10-31', 'Разработка приложения для управления задачами и временем', 'Разработка приложения для управления задачами и временем', 103, 4, 4, null, null),
        (29, '2023-02-11', false, '2023-12-11', 'Построение системы управления контентом для веб-сайта', 'Построение системы управления контентом для веб-сайта', 119, 5, 5, null, null),
        (22, '2023-03-25', false, '2023-08-04', 'Реализация алгоритма сжатия данных с использованием метода Хаффмана', 'Реализация алгоритма сжатия данных с использованием метода Хаффмана', 139, 1, 1, null, null),
        (48, '2023-09-17', false, '2023-08-08', 'Разработка системы онлайн-оплаты для интернет-магазина', 'Разработка системы онлайн-оплаты для интернет-магазина', 133, 1, 1, null, null),
        (8, '2023-09-26', false, '2023-01-28', 'Разработка системы управления версиями кода с использованием Git', 'Разработка системы управления версиями кода с использованием Git', 134, 4, 4, null, null),
        (14, '2023-09-30', false, '2023-11-20', 'Реализация системы управления проектами с функциональностью распределения задач', 'Реализация системы управления проектами с функциональностью распределения задач', 127, 3, 3, null, null),
        (28, '2023-10-26', false, '2023-11-13', 'Разработка игры на языке JavaScript с использованием фреймворка Phaser', 'Разработка игры на языке JavaScript с использованием фреймворка Phaser', 131, 5, 5, null, null),
        (47, '2023-04-12', true, '2023-05-01', 'Создание приложения для мониторинга и анализа данных датчиков IoT', 'Создание приложения для мониторинга и анализа данных датчиков IoT', 125, 5, 5, null, null),
        (46, '2023-05-17', false, '2023-02-20', 'Реализация алгоритма анализа тональности текста с использованием машинного обучения', 'Реализация алгоритма анализа тональности текста с использованием машинного обучения', 135, 2, 2, null, null),
        (30, '2023-10-31', true, '2023-07-15', 'Реализация алгоритма кластеризации данных для анализа покупательского поведения', 'Реализация алгоритма кластеризации данных для анализа покупательского поведения', 146, 3, 3, null, null),
        (35, '2023-12-29', false, '2023-07-25', 'Создание веб-приложения для управления персональными финансами', 'Создание веб-приложения для управления персональными финансами', 120, 2, 2, null, null),
        (18, '2023-11-09', false, '2023-09-28', 'Разработка приложения для анализа данных и построения графиков', 'Разработка приложения для анализа данных и построения графиков', 129, 1, 1, null, null),
        (49, '2023-03-25', true, '2023-06-20', 'Интеграция сервиса геолокации и карты в мобильное приложение', 'Интеграция сервиса геолокации и карты в мобильное приложение', 143, 1, 1, null, null),
        (23, '2023-05-14', false, '2023-10-23', 'Создание веб-сервиса для онлайн-тестирования и оценки знаний', 'Создание веб-сервиса для онлайн-тестирования и оценки знаний', 137, 2, 2, null, null),
        (9, '2023-12-04', false, '2023-07-01', 'Создание блог-платформы с функциональностью добавления комментариев и авторизации', 'Создание блог-платформы с функциональностью добавления комментариев и авторизации', 112, 4, 4, null, null),
        (11, '2023-07-30', false, '2023-06-19', 'Разработка интерфейса пользователя для мобильного приложения', 'Разработка интерфейса пользователя для мобильного приложения', 149, 5, 5, null, null),
        (2, '2023-06-21', false, '2023-06-04', 'Разработка алгоритма сортировки для больших объемов данных', 'Разработка алгоритма сортировки для больших объемов данных', 107, 3, 3, null, null),
        (10, '2023-08-22', false, '2023-10-18', 'Реализация алгоритма шифрования данных с использованием RSA', 'Реализация алгоритма шифрования данных с использованием RSA', 126, 4, 4, null, null),
        (1, '2023-07-23', false, '2023-12-01', 'Создание веб-приложения для управления базой данных', 'Создание веб-приложения для управления базой данных', 104, 2, 2, null, null),
        (5, '2023-03-10', true, '2023-03-27', 'Реализация алгоритма машинного обучения для классификации изображений', 'Реализация алгоритма машинного обучения для классификации изображений', 122, 2, 2, null, null),
        (17, '2023-07-01', false, '2023-03-20', 'Реализация алгоритма поиска кратчайшего пути в графе', 'Реализация алгоритма поиска кратчайшего пути в графе', 142, 5, 5, null, null),
        (19, '2023-11-21', true, '2023-06-16', 'Интеграция сервиса отправки электронной почты в веб-приложение', 'Интеграция сервиса отправки электронной почты в веб-приложение', 108, 4, 4, null, null),
        (39, '2023-09-19', true, '2023-06-06', 'Создание API для интеграции с внешними сервисами и приложениями', 'Создание API для интеграции с внешними сервисами и приложениями', 121, 3, 3, null, null),
        (36, '2023-05-25', false, '2023-02-02', 'Разработка приложения для чтения и записи данных в формате CSV', 'Разработка приложения для чтения и записи данных в формате CSV', 118, 3, 3, null, null);